profession,count
actor,3230340
miscellaneous,1451233
producer,1239724
actress,1952939
soundtrack,152167
archive_footage,202196
music_department,288594
writer,928597
director,758624
stunts,92566
make_up_department,235297
composer,351663
assistant_director,269471
camera_department,824352
music_artist,5045
art_department,494399
editor,372181
cinematographer,403198
casting_director,33097
executive,40431
costume_designer,79090
script_department,91654
art_director,97396
editorial_department,197081
costume_department,164284
animation_department,227607
talent_agent,14069
archive_sound,5146
production_designer,84294
special_effects,69735
production_manager,217430
sound_department,404163
casting_department,59049
visual_effects,250081
location_management,87813
set_decorator,58100
transportation_department,107272
choreographer,280
legal,4617
manager,14946
podcaster,649
publicist,4488
assistant,3834
production_department,438
