genre1,genre2,count
Action,Adult,1868
Action,Adventure,165378
Action,Animation,115353
Action,Biography,4467
Action,Comedy,95528
Action,Crime,75494
Action,Documentary,4239
Action,Drama,133997
Action,Family,28000
Action,Fantasy,25200
Action,Game-Show,3528
Action,History,6879
Action,Horror,11061
Action,Music,1035
Action,Musical,384
Action,Mystery,7150
Action,News,666
Action,Reality-TV,5366
Action,Romance,13615
Action,Sci-Fi,18497
Action,Short,24323
Action,Sport,18990
Action,Talk-Show,213
Action,Thriller,14357
Action,War,3391
Action,Western,1106
Adult,Adventure,2125
Adult,Animation,2037
Adult,Comedy,3965
Adult,Crime,1156
Adult,Documentary,4100
Adult,Drama,9405
Adult,Fantasy,1780
Adult,Horror,893
Adult,Mystery,327
Adult,Reality-TV,1868
Adult,Romance,10668
Adult,Sci-Fi,502
Adult,Short,8401
Adult,Sport,973
Adult,Thriller,445
Adventure,Animation,170479
Adventure,Biography,3737
Adventure,Comedy,124963
Adventure,Crime,15758
Adventure,Documentary,16710
Adventure,Drama,62241
Adventure,Family,65410
Adventure,Fantasy,29867
Adventure,Game-Show,10970
Adventure,History,4782
Adventure,Horror,4512
Adventure,Music,1915
Adventure,Musical,1108
Adventure,Mystery,6477
Adventure,News,911
Adventure,Reality-TV,16467
Adventure,Romance,7498
Adventure,Sci-Fi,10038
Adventure,Short,10754
Adventure,Sport,1506
Adventure,Talk-Show,628
Adventure,Thriller,2270
Adventure,War,1007
Adventure,Western,1862
Animation,Biography,1746
Animation,Comedy,218997
Animation,Crime,3851
Animation,Documentary,9609
Animation,Drama,37538
Animation,Family,126969
Animation,Fantasy,28115
Animation,Game-Show,1457
Animation,History,3584
Animation,Horror,5388
Animation,Music,6794
Animation,Musical,3594
Animation,Mystery,3560
Animation,News,1908
Animation,Reality-TV,985
Animation,Romance,6887
Animation,Sci-Fi,14083
Animation,Short,69175
Animation,Sport,4990
Animation,Talk-Show,979
Animation,Thriller,620
Animation,War,426
Animation,Western,335
Biography,Comedy,6186
Biography,Crime,4060
Biography,Documentary,51760
Biography,Drama,31177
Biography,Family,3171
Biography,Fantasy,495
Biography,Game-Show,210
Biography,History,24087
Biography,Horror,605
Biography,Music,6384
Biography,Musical,495
Biography,Mystery,655
Biography,News,1646
Biography,Reality-TV,1468
Biography,Romance,3188
Biography,Sci-Fi,299
Biography,Short,9647
Biography,Sport,2669
Biography,Talk-Show,5406
Biography,Thriller,155
Biography,War,582
Comedy,Crime,56386
Comedy,Documentary,30124
Comedy,Drama,385185
Comedy,Family,227886
Comedy,Fantasy,54568
Comedy,Game-Show,71459
Comedy,History,8998
Comedy,Horror,32821
Comedy,Music,118390
Comedy,Musical,24783
Comedy,Mystery,18105
Comedy,News,62929
Comedy,Reality-TV,46450
Comedy,Romance,172928
Comedy,Sci-Fi,19585
Comedy,Short,220021
Comedy,Sport,15617
Comedy,Talk-Show,235463
Comedy,Thriller,5422
Comedy,War,2381
Comedy,Western,2219
Crime,Documentary,34658
Crime,Drama,266373
Crime,Family,5093
Crime,Fantasy,3977
Crime,Film-Noir,692
Crime,Game-Show,749
Crime,History,3867
Crime,Horror,7666
Crime,Music,1041
Crime,Musical,936
Crime,Mystery,77676
Crime,News,2941
Crime,Reality-TV,22723
Crime,Romance,47663
Crime,Sci-Fi,1891
Crime,Short,18047
Crime,Sport,365
Crime,Talk-Show,772
Crime,Thriller,31796
Crime,War,173
Crime,Western,339
Documentary,Drama,24927
Documentary,Family,32699
Documentary,Fantasy,2498
Documentary,Game-Show,6434
Documentary,History,57548
Documentary,Horror,3739
Documentary,Music,29791
Documentary,Musical,1888
Documentary,Mystery,6982
Documentary,News,69276
Documentary,Reality-TV,42435
Documentary,Romance,1451
Documentary,Sci-Fi,1739
Documentary,Short,186023
Documentary,Sport,20380
Documentary,Talk-Show,39125
Documentary,Thriller,573
Documentary,War,8611
Documentary,Western,623
Drama,Family,172342
Drama,Fantasy,79339
Drama,Film-Noir,734
Drama,Game-Show,5687
Drama,History,53295
Drama,Horror,37202
Drama,Music,29999
Drama,Musical,14489
Drama,Mystery,132629
Drama,News,2719
Drama,Reality-TV,21054
Drama,Romance,805558
Drama,Sci-Fi,20381
Drama,Short,283456
Drama,Sport,12695
Drama,Talk-Show,18253
Drama,Thriller,67544
Drama,War,18635
Drama,Western,5414
Family,Fantasy,41716
Family,Game-Show,69700
Family,History,5189
Family,Horror,1031
Family,Music,37015
Family,Musical,19809
Family,Mystery,3875
Family,News,13370
Family,Reality-TV,16520
Family,Romance,48513
Family,Sci-Fi,6181
Family,Short,24461
Family,Sport,2916
Family,Talk-Show,28805
Family,Thriller,398
Family,War,944
Family,Western,1522
Fantasy,Game-Show,618
Fantasy,History,3757
Fantasy,Horror,25923
Fantasy,Music,6057
Fantasy,Musical,2495
Fantasy,Mystery,15611
Fantasy,Reality-TV,1296
Fantasy,Romance,18842
Fantasy,Sci-Fi,7870
Fantasy,Short,22584
Fantasy,Sport,117
Fantasy,Talk-Show,517
Fantasy,Thriller,2602
Fantasy,War,975
Game-Show,History,679
Game-Show,Horror,543
Game-Show,Music,31094
Game-Show,Musical,1923
Game-Show,Mystery,902
Game-Show,News,4158
Game-Show,Reality-TV,85152
Game-Show,Romance,3922
Game-Show,Short,874
Game-Show,Sport,4632
Game-Show,Talk-Show,18643
Game-Show,Thriller,205
History,Horror,1308
History,Music,2518
History,Musical,316
History,Mystery,4120
History,News,2372
History,Reality-TV,1826
History,Romance,11461
History,Sci-Fi,1300
History,Short,9149
History,Sport,975
History,Talk-Show,2873
History,Thriller,900
History,War,10836
History,Western,336
Horror,Music,1088
Horror,Musical,406
Horror,Mystery,27243
Horror,News,1644
Horror,Reality-TV,1622
Horror,Romance,3163
Horror,Sci-Fi,8702
Horror,Short,57736
Horror,Talk-Show,3487
Horror,Thriller,19727
Horror,Western,266
Music,Musical,16203
Music,Mystery,1206
Music,News,14417
Music,Reality-TV,23041
Music,Romance,6758
Music,Sci-Fi,430
Music,Short,40332
Music,Sport,2327
Music,Talk-Show,95397
Music,Thriller,149
Music,Western,345
Musical,Mystery,931
Musical,News,2679
Musical,Reality-TV,1487
Musical,Romance,6098
Musical,Sci-Fi,195
Musical,Short,8699
Musical,Sport,352
Musical,Talk-Show,2270
Musical,Western,133
Mystery,News,1072
Mystery,Reality-TV,2884
Mystery,Romance,29873
Mystery,Sci-Fi,6142
Mystery,Short,18060
Mystery,Talk-Show,390
Mystery,Thriller,17532
Mystery,War,190
Mystery,Western,183
News,Reality-TV,15682
News,Sci-Fi,503
News,Short,16696
News,Sport,39117
News,Talk-Show,347434
News,War,434
Reality-TV,Romance,14687
Reality-TV,Sci-Fi,201
Reality-TV,Short,7522
Reality-TV,Sport,7072
Reality-TV,Talk-Show,33814
Reality-TV,Thriller,776
Reality-TV,Western,315
Romance,Sci-Fi,2503
Romance,Short,27617
Romance,Sport,3684
Romance,Talk-Show,329
Romance,Thriller,14358
Romance,War,2754
Romance,Western,1131
Sci-Fi,Short,27332
Sci-Fi,Sport,369
Sci-Fi,Talk-Show,1503
Sci-Fi,Thriller,5688
Sci-Fi,War,282
Sci-Fi,Western,165
Short,Sport,9287
Short,Talk-Show,8980
Short,Thriller,40148
Short,War,4458
Short,Western,6940
Sport,Talk-Show,45934
Sport,Thriller,161
Sport,War,125
Talk-Show,Thriller,217
Talk-Show,War,109
Thriller,War,600
Thriller,Western,296
War,Western,110
