profession1,profession2,count
actor,actress,769
actor,animation_department,6293
actor,archive_footage,45203
actor,archive_sound,1952
actor,art_department,27828
actor,art_director,5950
actor,assistant,280
actor,assistant_director,33501
actor,camera_department,68992
actor,casting_department,6650
actor,casting_director,4551
actor,cinematographer,33973
actor,composer,57785
actor,costume_department,5983
actor,costume_designer,3033
actor,director,127652
actor,editor,25064
actor,editorial_department,7808
actor,executive,2615
actor,legal,283
actor,location_management,7873
actor,make_up_department,8273
actor,manager,1141
actor,miscellaneous,117127
actor,music_artist,2388
actor,music_department,41278
actor,podcaster,187
actor,producer,154034
actor,production_designer,4922
actor,production_manager,14884
actor,publicist,229
actor,script_department,6684
actor,set_decorator,3534
actor,sound_department,36382
actor,soundtrack,42150
actor,special_effects,6862
actor,stunts,35133
actor,talent_agent,1068
actor,transportation_department,7209
actor,visual_effects,9102
actor,writer,183432
actress,animation_department,2290
actress,archive_footage,39102
actress,archive_sound,830
actress,art_department,13144
actress,art_director,3784
actress,assistant,275
actress,assistant_director,16445
actress,camera_department,14770
actress,casting_department,7970
actress,casting_director,5197
actress,choreographer,142
actress,cinematographer,6233
actress,composer,10755
actress,costume_department,14048
actress,costume_designer,7227
actress,director,39479
actress,editor,6475
actress,editorial_department,3295
actress,executive,1327
actress,legal,134
actress,location_management,3424
actress,make_up_department,21241
actress,manager,749
actress,miscellaneous,72990
actress,music_artist,1087
actress,music_department,14410
actress,podcaster,144
actress,producer,80550
actress,production_designer,3573
actress,production_manager,7667
actress,publicist,298
actress,script_department,8194
actress,set_decorator,2705
actress,sound_department,6935
actress,soundtrack,24979
actress,special_effects,2264
actress,stunts,7778
actress,talent_agent,1038
actress,transportation_department,939
actress,visual_effects,2045
actress,writer,73539
animation_department,archive_footage,113
animation_department,art_department,33839
animation_department,art_director,4067
animation_department,assistant_director,1834
animation_department,camera_department,2992
animation_department,cinematographer,1972
animation_department,composer,699
animation_department,costume_department,296
animation_department,costume_designer,220
animation_department,director,19217
animation_department,editor,3261
animation_department,editorial_department,2290
animation_department,executive,123
animation_department,location_management,116
animation_department,make_up_department,295
animation_department,miscellaneous,14749
animation_department,music_department,387
animation_department,producer,5716
animation_department,production_designer,1323
animation_department,production_manager,1790
animation_department,script_department,299
animation_department,set_decorator,296
animation_department,sound_department,1172
animation_department,soundtrack,155
animation_department,special_effects,2487
animation_department,stunts,132
animation_department,visual_effects,33413
animation_department,writer,10863
archive_footage,archive_sound,1727
archive_footage,art_department,456
archive_footage,assistant_director,283
archive_footage,camera_department,917
archive_footage,cinematographer,436
archive_footage,composer,1109
archive_footage,costume_department,208
archive_footage,costume_designer,112
archive_footage,director,1857
archive_footage,editor,251
archive_footage,editorial_department,138
archive_footage,executive,350
archive_footage,make_up_department,355
archive_footage,miscellaneous,6360
archive_footage,music_department,1476
archive_footage,producer,5605
archive_footage,production_manager,184
archive_footage,script_department,134
archive_footage,sound_department,309
archive_footage,soundtrack,13741
archive_footage,stunts,765
archive_footage,talent_agent,101
archive_footage,visual_effects,134
archive_footage,writer,7287
archive_sound,miscellaneous,318
archive_sound,producer,116
archive_sound,soundtrack,178
archive_sound,writer,254
art_department,art_director,34856
art_department,assistant_director,7925
art_department,camera_department,21211
art_department,casting_department,1051
art_department,casting_director,373
art_department,cinematographer,4169
art_department,composer,1460
art_department,costume_department,11139
art_department,costume_designer,4927
art_department,director,13336
art_department,editor,3697
art_department,editorial_department,3622
art_department,executive,228
art_department,location_management,4125
art_department,make_up_department,5210
art_department,manager,127
art_department,miscellaneous,49941
art_department,music_department,1080
art_department,producer,13748
art_department,production_designer,27541
art_department,production_manager,5158
art_department,script_department,2222
art_department,set_decorator,20662
art_department,sound_department,4560
art_department,soundtrack,423
art_department,special_effects,8777
art_department,stunts,1178
art_department,transportation_department,3499
art_department,visual_effects,18028
art_department,writer,11856
art_director,assistant_director,1910
art_director,camera_department,2913
art_director,casting_department,214
art_director,casting_director,187
art_director,cinematographer,1494
art_director,composer,401
art_director,costume_department,3491
art_director,costume_designer,3165
art_director,director,4448
art_director,editor,1022
art_director,editorial_department,484
art_director,location_management,434
art_director,make_up_department,1736
art_director,miscellaneous,5066
art_director,music_department,210
art_director,producer,4765
art_director,production_designer,19310
art_director,production_manager,772
art_director,script_department,455
art_director,set_decorator,6268
art_director,sound_department,752
art_director,special_effects,969
art_director,transportation_department,166
art_director,visual_effects,1903
art_director,writer,4183
assistant,camera_department,142
assistant,miscellaneous,831
assistant,producer,337
assistant,writer,124
assistant_director,camera_department,21849
assistant_director,casting_department,4243
assistant_director,casting_director,2429
assistant_director,cinematographer,8514
assistant_director,composer,1045
assistant_director,costume_department,2027
assistant_director,costume_designer,729
assistant_director,director,37873
assistant_director,editor,8083
assistant_director,editorial_department,4562
assistant_director,executive,218
assistant_director,location_management,5468
assistant_director,make_up_department,1546
assistant_director,miscellaneous,43409
assistant_director,music_department,777
assistant_director,producer,36699
assistant_director,production_designer,1366
assistant_director,production_manager,15866
assistant_director,script_department,9283
assistant_director,set_decorator,823
assistant_director,sound_department,6165
assistant_director,soundtrack,227
assistant_director,special_effects,746
assistant_director,stunts,1659
assistant_director,talent_agent,115
assistant_director,transportation_department,1057
assistant_director,visual_effects,2538
assistant_director,writer,27474
camera_department,casting_department,1659
camera_department,casting_director,695
camera_department,cinematographer,125478
camera_department,composer,3522
camera_department,costume_department,2287
camera_department,costume_designer,681
camera_department,director,44930
camera_department,editor,30747
camera_department,editorial_department,20293
camera_department,executive,476
camera_department,location_management,5124
camera_department,make_up_department,2741
camera_department,manager,220
camera_department,miscellaneous,82502
camera_department,music_department,1862
camera_department,producer,44875
camera_department,production_designer,2715
camera_department,production_manager,7955
camera_department,script_department,4670
camera_department,set_decorator,2454
camera_department,sound_department,37773
camera_department,soundtrack,562
camera_department,special_effects,4415
camera_department,stunts,2553
camera_department,talent_agent,123
camera_department,transportation_department,5927
camera_department,visual_effects,12794
camera_department,writer,24211
casting_department,casting_director,9320
casting_department,cinematographer,404
casting_department,composer,148
casting_department,costume_department,728
casting_department,costume_designer,188
casting_department,director,1960
casting_department,editor,432
casting_department,editorial_department,602
casting_department,executive,241
casting_department,location_management,987
casting_department,make_up_department,445
casting_department,manager,295
casting_department,miscellaneous,11835
casting_department,music_department,236
casting_department,producer,8720
casting_department,production_designer,161
casting_department,production_manager,1691
casting_department,script_department,717
casting_department,set_decorator,128
casting_department,sound_department,681
casting_department,stunts,257
casting_department,talent_agent,599
casting_department,transportation_department,233
casting_department,visual_effects,187
casting_department,writer,2505
casting_director,cinematographer,262
casting_director,composer,107
casting_director,costume_department,356
casting_director,costume_designer,194
casting_director,director,2154
casting_director,editor,305
casting_director,editorial_department,169
casting_director,executive,185
casting_director,location_management,356
casting_director,make_up_department,278
casting_director,manager,268
casting_director,miscellaneous,3422
casting_director,music_department,127
casting_director,producer,6242
casting_director,production_designer,135
casting_director,production_manager,869
casting_director,script_department,384
casting_director,sound_department,399
casting_director,talent_agent,415
casting_director,writer,2675
cinematographer,composer,3662
cinematographer,costume_department,458
cinematographer,costume_designer,237
cinematographer,director,90534
cinematographer,editor,51376
cinematographer,editorial_department,9011
cinematographer,executive,220
cinematographer,location_management,1060
cinematographer,make_up_department,588
cinematographer,miscellaneous,17732
cinematographer,music_department,736
cinematographer,producer,41889
cinematographer,production_designer,914
cinematographer,production_manager,1929
cinematographer,script_department,825
cinematographer,set_decorator,385
cinematographer,sound_department,11488
cinematographer,soundtrack,199
cinematographer,special_effects,1708
cinematographer,stunts,469
cinematographer,transportation_department,530
cinematographer,visual_effects,6779
cinematographer,writer,46024
composer,costume_department,230
composer,costume_designer,144
composer,director,11670
composer,editor,5164
composer,editorial_department,1029
composer,executive,258
composer,location_management,238
composer,make_up_department,294
composer,manager,112
composer,miscellaneous,5463
composer,music_artist,1813
composer,music_department,70267
composer,producer,13615
composer,production_designer,223
composer,production_manager,477
composer,script_department,266
composer,set_decorator,141
composer,sound_department,31709
composer,soundtrack,32554
composer,special_effects,325
composer,stunts,196
composer,transportation_department,166
composer,visual_effects,1112
composer,writer,19030
costume_department,costume_designer,30316
costume_department,director,1290
costume_department,editor,459
costume_department,editorial_department,452
costume_department,location_management,724
costume_department,make_up_department,11787
costume_department,miscellaneous,11089
costume_department,music_department,257
costume_department,producer,4434
costume_department,production_designer,2876
costume_department,production_manager,1234
costume_department,script_department,918
costume_department,set_decorator,1999
costume_department,sound_department,585
costume_department,soundtrack,121
costume_department,special_effects,1264
costume_department,stunts,284
costume_department,transportation_department,358
costume_department,visual_effects,398
costume_department,writer,1964
costume_designer,director,837
costume_designer,editor,217
costume_designer,editorial_department,146
costume_designer,location_management,173
costume_designer,make_up_department,5283
costume_designer,miscellaneous,3114
costume_designer,music_department,115
costume_designer,producer,2427
costume_designer,production_designer,4667
costume_designer,production_manager,372
costume_designer,script_department,322
costume_designer,set_decorator,1419
costume_designer,sound_department,229
costume_designer,special_effects,327
costume_designer,visual_effects,165
costume_designer,writer,1361
director,editor,99249
director,editorial_department,10013
director,executive,1053
director,location_management,1946
director,make_up_department,1363
director,manager,310
director,miscellaneous,38486
director,music_artist,119
director,music_department,3906
director,producer,213380
director,production_designer,2759
director,production_manager,6545
director,script_department,4955
director,set_decorator,575
director,sound_department,12453
director,soundtrack,1106
director,special_effects,1616
director,stunts,1360
director,talent_agent,192
director,transportation_department,305
director,visual_effects,11953
director,writer,367125
editor,editorial_department,56022
editor,executive,201
editor,location_management,601
editor,make_up_department,498
editor,miscellaneous,15776
editor,music_department,1913
editor,producer,47431
editor,production_designer,788
editor,production_manager,3455
editor,script_department,2903
editor,set_decorator,285
editor,sound_department,18763
editor,soundtrack,244
editor,special_effects,1489
editor,stunts,243
editor,transportation_department,203
editor,visual_effects,12812
editor,writer,59823
editorial_department,executive,231
editorial_department,location_management,647
editorial_department,make_up_department,328
editorial_department,miscellaneous,28833
editorial_department,music_department,1413
editorial_department,producer,18349
editorial_department,production_designer,361
editorial_department,production_manager,8824
editorial_department,script_department,2139
editorial_department,set_decorator,190
editorial_department,sound_department,12143
editorial_department,soundtrack,142
editorial_department,special_effects,1114
editorial_department,stunts,115
editorial_department,transportation_department,305
editorial_department,visual_effects,16202
editorial_department,writer,6496
executive,legal,205
executive,location_management,110
executive,make_up_department,115
executive,manager,1066
executive,miscellaneous,5670
executive,music_department,456
executive,producer,14487
executive,production_manager,929
executive,publicist,231
executive,script_department,136
executive,sound_department,387
executive,soundtrack,135
executive,talent_agent,855
executive,visual_effects,423
executive,writer,2124
legal,miscellaneous,1352
legal,producer,803
legal,talent_agent,123
legal,writer,116
location_management,make_up_department,409
location_management,miscellaneous,20950
location_management,music_department,208
location_management,producer,10505
location_management,production_designer,533
location_management,production_manager,11441
location_management,script_department,769
location_management,set_decorator,570
location_management,sound_department,1246
location_management,special_effects,302
location_management,stunts,321
location_management,transportation_department,2262
location_management,visual_effects,400
location_management,writer,2019
make_up_department,miscellaneous,8358
make_up_department,music_department,311
make_up_department,producer,4743
make_up_department,production_designer,1306
make_up_department,production_manager,876
make_up_department,script_department,864
make_up_department,set_decorator,819
make_up_department,sound_department,1066
make_up_department,soundtrack,178
make_up_department,special_effects,9151
make_up_department,stunts,338
make_up_department,transportation_department,218
make_up_department,visual_effects,835
make_up_department,writer,2089
manager,miscellaneous,1677
manager,music_department,256
manager,producer,3991
manager,production_manager,371
manager,publicist,220
manager,sound_department,148
manager,talent_agent,1805
manager,visual_effects,110
manager,writer,525
miscellaneous,music_department,8641
miscellaneous,producer,147679
miscellaneous,production_department,170
miscellaneous,production_designer,4287
miscellaneous,production_manager,61722
miscellaneous,publicist,894
miscellaneous,script_department,18007
miscellaneous,set_decorator,4087
miscellaneous,sound_department,28493
miscellaneous,soundtrack,3672
miscellaneous,special_effects,6500
miscellaneous,stunts,10397
miscellaneous,talent_agent,978
miscellaneous,transportation_department,13109
miscellaneous,visual_effects,23206
miscellaneous,writer,56732
music_artist,music_department,1044
music_artist,producer,249
music_artist,soundtrack,676
music_artist,writer,355
music_department,producer,9657
music_department,production_designer,136
music_department,production_manager,733
music_department,script_department,321
music_department,sound_department,23524
music_department,soundtrack,36710
music_department,special_effects,208
music_department,stunts,200
music_department,talent_agent,151
music_department,transportation_department,145
music_department,visual_effects,545
music_department,writer,9564
podcaster,producer,215
podcaster,writer,207
producer,production_department,130
producer,production_designer,5384
producer,production_manager,63535
producer,publicist,570
producer,script_department,10257
producer,set_decorator,1703
producer,sound_department,18169
producer,soundtrack,4030
producer,special_effects,2057
producer,stunts,4017
producer,talent_agent,1594
producer,transportation_department,2071
producer,visual_effects,10036
producer,writer,242807
production_designer,production_manager,1351
production_designer,script_department,495
production_designer,set_decorator,7337
production_designer,sound_department,855
production_designer,special_effects,649
production_designer,transportation_department,144
production_designer,visual_effects,795
production_designer,writer,2757
production_manager,script_department,2701
production_manager,set_decorator,529
production_manager,sound_department,3237
production_manager,soundtrack,161
production_manager,special_effects,442
production_manager,stunts,371
production_manager,talent_agent,115
production_manager,transportation_department,2411
production_manager,visual_effects,3403
production_manager,writer,6996
publicist,talent_agent,153
publicist,writer,146
script_department,set_decorator,424
script_department,sound_department,1703
script_department,soundtrack,134
script_department,special_effects,140
script_department,stunts,164
script_department,transportation_department,169
script_department,visual_effects,441
script_department,writer,14913
set_decorator,sound_department,783
set_decorator,special_effects,513
set_decorator,stunts,100
set_decorator,transportation_department,293
set_decorator,visual_effects,265
set_decorator,writer,738
sound_department,soundtrack,2613
sound_department,special_effects,1263
sound_department,stunts,598
sound_department,transportation_department,951
sound_department,visual_effects,3831
sound_department,writer,10263
soundtrack,stunts,203
soundtrack,visual_effects,125
soundtrack,writer,6010
special_effects,stunts,1834
special_effects,transportation_department,542
special_effects,visual_effects,9460
special_effects,writer,1427
stunts,transportation_department,1190
stunts,visual_effects,380
stunts,writer,1587
talent_agent,writer,241
transportation_department,visual_effects,203
transportation_department,writer,424
visual_effects,writer,6787
