genre1,genre2,genre3,count
Action,Adult,Adventure,1090
Action,Adult,Animation,125
Action,Adult,Crime,104
Action,Adventure,Animation,77311
Action,Adventure,Biography,980
Action,Adventure,Comedy,25461
Action,Adventure,Crime,9165
Action,Adventure,Documentary,1097
Action,Adventure,Drama,18801
Action,Adventure,Family,10311
Action,Adventure,Fantasy,7322
Action,Adventure,Game-Show,952
Action,Adventure,History,536
Action,Adventure,Horror,965
Action,Adventure,Music,151
Action,Adventure,Mystery,562
Action,Adventure,News,164
Action,Adventure,Reality-TV,192
Action,Adventure,Romance,309
Action,Adventure,Sci-Fi,3474
Action,Adventure,Short,638
Action,Adventure,Sport,163
Action,Adventure,Thriller,885
Action,Adventure,War,264
Action,Adventure,Western,283
Action,Animation,Comedy,17639
Action,Animation,Crime,1292
Action,Animation,Drama,5555
Action,Animation,Family,1482
Action,Animation,Fantasy,3782
Action,Animation,History,176
Action,Animation,Horror,306
Action,Animation,Music,152
Action,Animation,Mystery,247
Action,Animation,Romance,239
Action,Animation,Sci-Fi,3906
Action,Animation,Short,339
Action,Animation,Sport,391
Action,Animation,Thriller,128
Action,Biography,Comedy,970
Action,Biography,Crime,160
Action,Biography,Documentary,155
Action,Biography,Drama,1085
Action,Biography,History,862
Action,Comedy,Crime,8317
Action,Comedy,Documentary,311
Action,Comedy,Drama,13215
Action,Comedy,Family,11557
Action,Comedy,Fantasy,1638
Action,Comedy,Game-Show,531
Action,Comedy,History,176
Action,Comedy,Horror,3000
Action,Comedy,Music,104
Action,Comedy,Musical,111
Action,Comedy,Mystery,354
Action,Comedy,Reality-TV,326
Action,Comedy,Romance,1074
Action,Comedy,Sci-Fi,1658
Action,Comedy,Short,2472
Action,Comedy,Sport,388
Action,Comedy,Talk-Show,113
Action,Comedy,Thriller,309
Action,Crime,Documentary,824
Action,Crime,Drama,43689
Action,Crime,Fantasy,353
Action,Crime,History,100
Action,Crime,Horror,562
Action,Crime,Mystery,1336
Action,Crime,Reality-TV,1289
Action,Crime,Romance,514
Action,Crime,Sci-Fi,278
Action,Crime,Short,769
Action,Crime,Thriller,2682
Action,Documentary,Drama,206
Action,Documentary,History,177
Action,Documentary,Horror,320
Action,Documentary,Short,255
Action,Documentary,Sport,232
Action,Drama,Family,3387
Action,Drama,Fantasy,7325
Action,Drama,History,3246
Action,Drama,Horror,1185
Action,Drama,Music,354
Action,Drama,Mystery,2289
Action,Drama,Reality-TV,194
Action,Drama,Romance,8818
Action,Drama,Sci-Fi,1832
Action,Drama,Short,2818
Action,Drama,Sport,2182
Action,Drama,Thriller,3938
Action,Drama,War,1290
Action,Drama,Western,250
Action,Family,Fantasy,193
Action,Family,Game-Show,235
Action,Family,Sci-Fi,134
Action,Fantasy,History,384
Action,Fantasy,Horror,867
Action,Fantasy,Romance,279
Action,Fantasy,Sci-Fi,788
Action,Fantasy,Short,262
Action,Fantasy,Thriller,347
Action,Game-Show,Reality-TV,840
Action,Game-Show,Sport,647
Action,History,Romance,359
Action,History,War,309
Action,Horror,Mystery,956
Action,Horror,Sci-Fi,766
Action,Horror,Short,564
Action,Horror,Thriller,523
Action,Mystery,Romance,108
Action,Mystery,Sci-Fi,244
Action,Mystery,Short,198
Action,Mystery,Thriller,455
Action,News,Sport,212
Action,Reality-TV,Sport,1310
Action,Romance,Thriller,214
Action,Sci-Fi,Short,987
Action,Sci-Fi,Sport,166
Action,Sci-Fi,Thriller,714
Action,Short,Thriller,733
Action,Thriller,War,130
Adult,Animation,Comedy,328
Adult,Animation,Drama,291
Adult,Animation,Fantasy,195
Adult,Animation,Romance,278
Adult,Animation,Short,332
Adult,Comedy,Drama,203
Adult,Comedy,Fantasy,248
Adult,Comedy,Romance,530
Adult,Comedy,Sci-Fi,102
Adult,Crime,Drama,470
Adult,Drama,Fantasy,386
Adult,Drama,Mystery,105
Adult,Drama,Romance,1895
Adult,Drama,Short,120
Adult,Fantasy,Horror,113
Adult,Fantasy,Romance,247
Adult,Fantasy,Short,127
Adult,Reality-TV,Romance,1395
Adult,Romance,Short,362
Adventure,Animation,Biography,203
Adventure,Animation,Comedy,61346
Adventure,Animation,Crime,175
Adventure,Animation,Documentary,255
Adventure,Animation,Drama,4009
Adventure,Animation,Family,17919
Adventure,Animation,Fantasy,3483
Adventure,Animation,History,150
Adventure,Animation,Music,468
Adventure,Animation,Mystery,119
Adventure,Animation,Romance,145
Adventure,Animation,Sci-Fi,1255
Adventure,Animation,Short,755
Adventure,Biography,Comedy,258
Adventure,Biography,Crime,398
Adventure,Biography,Documentary,1222
Adventure,Biography,Drama,410
Adventure,Comedy,Crime,1506
Adventure,Comedy,Documentary,740
Adventure,Comedy,Drama,8964
Adventure,Comedy,Family,12307
Adventure,Comedy,Fantasy,3218
Adventure,Comedy,Game-Show,1177
Adventure,Comedy,History,122
Adventure,Comedy,Horror,692
Adventure,Comedy,Music,109
Adventure,Comedy,Musical,253
Adventure,Comedy,Mystery,387
Adventure,Comedy,Reality-TV,947
Adventure,Comedy,Romance,712
Adventure,Comedy,Sci-Fi,1072
Adventure,Comedy,Short,713
Adventure,Comedy,Thriller,103
Adventure,Crime,Documentary,298
Adventure,Crime,Drama,1874
Adventure,Crime,Family,698
Adventure,Crime,Horror,104
Adventure,Crime,Mystery,630
Adventure,Documentary,Drama,605
Adventure,Documentary,Family,1331
Adventure,Documentary,History,1070
Adventure,Documentary,Horror,138
Adventure,Documentary,Music,195
Adventure,Documentary,Mystery,1010
Adventure,Documentary,Reality-TV,2183
Adventure,Documentary,Short,962
Adventure,Documentary,Sport,335
Adventure,Drama,Family,8092
Adventure,Drama,Fantasy,4454
Adventure,Drama,History,1009
Adventure,Drama,Horror,508
Adventure,Drama,Music,127
Adventure,Drama,Mystery,1247
Adventure,Drama,News,474
Adventure,Drama,Romance,3350
Adventure,Drama,Sci-Fi,1284
Adventure,Drama,Short,844
Adventure,Drama,Thriller,304
Adventure,Drama,War,222
Adventure,Drama,Western,381
Adventure,Family,Fantasy,5303
Adventure,Family,Game-Show,354
Adventure,Family,History,248
Adventure,Family,Music,608
Adventure,Family,Musical,207
Adventure,Family,Mystery,331
Adventure,Family,Reality-TV,852
Adventure,Family,Romance,635
Adventure,Family,Sci-Fi,505
Adventure,Family,Short,246
Adventure,Family,Western,239
Adventure,Fantasy,Game-Show,131
Adventure,Fantasy,History,199
Adventure,Fantasy,Horror,298
Adventure,Fantasy,Mystery,346
Adventure,Fantasy,Romance,846
Adventure,Fantasy,Sci-Fi,608
Adventure,Fantasy,Short,296
Adventure,Game-Show,Horror,275
Adventure,Game-Show,Reality-TV,7458
Adventure,History,Horror,283
Adventure,History,Romance,262
Adventure,Horror,Mystery,303
Adventure,Horror,Sci-Fi,131
Adventure,Horror,Thriller,134
Adventure,Mystery,Reality-TV,234
Adventure,Mystery,Romance,171
Adventure,Mystery,Sci-Fi,170
Adventure,Mystery,Thriller,100
Adventure,Sci-Fi,Short,228
Adventure,Sci-Fi,Thriller,159
Adventure,Sport,Talk-Show,339
Animation,Biography,Comedy,484
Animation,Biography,Documentary,417
Animation,Biography,Drama,138
Animation,Biography,Family,154
Animation,Biography,Short,116
Animation,Comedy,Crime,1237
Animation,Comedy,Documentary,2349
Animation,Comedy,Drama,13848
Animation,Comedy,Family,59190
Animation,Comedy,Fantasy,6767
Animation,Comedy,Game-Show,202
Animation,Comedy,History,678
Animation,Comedy,Horror,1438
Animation,Comedy,Music,1904
Animation,Comedy,Musical,1106
Animation,Comedy,Mystery,377
Animation,Comedy,News,718
Animation,Comedy,Reality-TV,319
Animation,Comedy,Romance,3572
Animation,Comedy,Sci-Fi,2804
Animation,Comedy,Short,11389
Animation,Comedy,Sport,921
Animation,Comedy,Talk-Show,435
Animation,Comedy,Western,223
Animation,Crime,Drama,634
Animation,Crime,Family,141
Animation,Crime,Mystery,106
Animation,Documentary,Drama,217
Animation,Documentary,Family,409
Animation,Documentary,History,578
Animation,Documentary,Mystery,238
Animation,Documentary,News,382
Animation,Documentary,Short,2428
Animation,Drama,Family,1974
Animation,Drama,Fantasy,1775
Animation,Drama,Game-Show,105
Animation,Drama,History,559
Animation,Drama,Horror,692
Animation,Drama,Music,673
Animation,Drama,Mystery,733
Animation,Drama,Romance,1481
Animation,Drama,Sci-Fi,854
Animation,Drama,Short,1766
Animation,Drama,Sport,774
Animation,Family,Fantasy,5975
Animation,Family,Game-Show,692
Animation,Family,History,381
Animation,Family,Music,1237
Animation,Family,Musical,1651
Animation,Family,Mystery,340
Animation,Family,Sci-Fi,1605
Animation,Family,Short,3780
Animation,Family,Sport,293
Animation,Family,Talk-Show,341
Animation,Fantasy,History,126
Animation,Fantasy,Horror,710
Animation,Fantasy,Music,313
Animation,Fantasy,Mystery,336
Animation,Fantasy,Romance,383
Animation,Fantasy,Sci-Fi,382
Animation,Fantasy,Short,1415
Animation,Game-Show,Reality-TV,107
Animation,History,Short,165
Animation,Horror,Mystery,272
Animation,Horror,Sci-Fi,135
Animation,Horror,Short,802
Animation,Music,Short,922
Animation,Musical,Short,194
Animation,Mystery,Short,174
Animation,Romance,Short,247
Animation,Sci-Fi,Short,772
Animation,Sci-Fi,Sport,133
Biography,Comedy,Documentary,1274
Biography,Comedy,Drama,1445
Biography,Comedy,Short,206
Biography,Comedy,Talk-Show,107
Biography,Crime,Documentary,1527
Biography,Crime,Drama,1497
Biography,Crime,History,201
Biography,Documentary,Drama,3081
Biography,Documentary,Family,1569
Biography,Documentary,History,10598
Biography,Documentary,Music,4113
Biography,Documentary,Mystery,241
Biography,Documentary,News,1129
Biography,Documentary,Reality-TV,175
Biography,Documentary,Romance,102
Biography,Documentary,Short,4685
Biography,Documentary,Sport,1795
Biography,Documentary,Talk-Show,2801
Biography,Drama,Family,724
Biography,Drama,Fantasy,153
Biography,Drama,History,8203
Biography,Drama,Music,1292
Biography,Drama,Musical,268
Biography,Drama,Mystery,194
Biography,Drama,Romance,2886
Biography,Drama,Short,628
Biography,Drama,Sport,479
Biography,Drama,War,297
Biography,Family,Reality-TV,358
Biography,History,Reality-TV,171
Biography,History,Short,200
Biography,History,War,105
Biography,Horror,Talk-Show,381
Biography,News,Talk-Show,177
Biography,Reality-TV,Talk-Show,277
Comedy,Crime,Documentary,181
Comedy,Crime,Drama,20934
Comedy,Crime,Family,1004
Comedy,Crime,Fantasy,322
Comedy,Crime,Horror,398
Comedy,Crime,Music,235
Comedy,Crime,Musical,144
Comedy,Crime,Mystery,2126
Comedy,Crime,Reality-TV,7475
Comedy,Crime,Romance,593
Comedy,Crime,Short,1834
Comedy,Crime,Thriller,543
Comedy,Documentary,Drama,1448
Comedy,Documentary,Family,2267
Comedy,Documentary,Fantasy,441
Comedy,Documentary,Game-Show,275
Comedy,Documentary,History,870
Comedy,Documentary,Horror,703
Comedy,Documentary,Music,2526
Comedy,Documentary,Mystery,133
Comedy,Documentary,News,799
Comedy,Documentary,Reality-TV,518
Comedy,Documentary,Short,1700
Comedy,Documentary,Sport,146
Comedy,Documentary,Talk-Show,3380
Comedy,Drama,Family,42102
Comedy,Drama,Fantasy,17887
Comedy,Drama,Game-Show,5178
Comedy,Drama,History,1784
Comedy,Drama,Horror,4210
Comedy,Drama,Music,14220
Comedy,Drama,Musical,3740
Comedy,Drama,Mystery,8585
Comedy,Drama,News,768
Comedy,Drama,Reality-TV,1487
Comedy,Drama,Romance,99665
Comedy,Drama,Sci-Fi,1561
Comedy,Drama,Short,15345
Comedy,Drama,Sport,1140
Comedy,Drama,Talk-Show,5210
Comedy,Drama,Thriller,1130
Comedy,Drama,War,523
Comedy,Drama,Western,246
Comedy,Family,Fantasy,8577
Comedy,Family,Game-Show,9632
Comedy,Family,History,1117
Comedy,Family,Horror,246
Comedy,Family,Music,11248
Comedy,Family,Musical,4262
Comedy,Family,Mystery,251
Comedy,Family,News,247
Comedy,Family,Reality-TV,1001
Comedy,Family,Romance,4013
Comedy,Family,Sci-Fi,1758
Comedy,Family,Short,2223
Comedy,Family,Sport,294
Comedy,Family,Talk-Show,4746
Comedy,Fantasy,Game-Show,376
Comedy,Fantasy,History,201
Comedy,Fantasy,Horror,2240
Comedy,Fantasy,Music,330
Comedy,Fantasy,Musical,514
Comedy,Fantasy,Mystery,428
Comedy,Fantasy,Romance,3259
Comedy,Fantasy,Sci-Fi,1823
Comedy,Fantasy,Short,1718
Comedy,Game-Show,History,107
Comedy,Game-Show,Music,7802
Comedy,Game-Show,Musical,414
Comedy,Game-Show,Mystery,202
Comedy,Game-Show,News,3659
Comedy,Game-Show,Reality-TV,5693
Comedy,Game-Show,Sport,911
Comedy,Game-Show,Talk-Show,10124
Comedy,History,Music,298
Comedy,History,Romance,356
Comedy,History,Short,261
Comedy,History,Talk-Show,407
Comedy,History,War,134
Comedy,Horror,Music,179
Comedy,Horror,Musical,204
Comedy,Horror,Mystery,1503
Comedy,Horror,News,803
Comedy,Horror,Reality-TV,356
Comedy,Horror,Romance,470
Comedy,Horror,Sci-Fi,1051
Comedy,Horror,Short,5325
Comedy,Horror,Talk-Show,1094
Comedy,Horror,Thriller,485
Comedy,Music,Musical,2982
Comedy,Music,News,1178
Comedy,Music,Reality-TV,903
Comedy,Music,Romance,1422
Comedy,Music,Short,1465
Comedy,Music,Sport,397
Comedy,Music,Talk-Show,51024
Comedy,Musical,News,2042
Comedy,Musical,Romance,1537
Comedy,Musical,Short,1016
Comedy,Musical,Talk-Show,367
Comedy,Mystery,Romance,419
Comedy,Mystery,Sci-Fi,191
Comedy,Mystery,Short,767
Comedy,Mystery,Thriller,260
Comedy,News,Reality-TV,690
Comedy,News,Short,780
Comedy,News,Sport,2735
Comedy,News,Talk-Show,33994
Comedy,Reality-TV,Romance,967
Comedy,Reality-TV,Short,2409
Comedy,Reality-TV,Sport,417
Comedy,Reality-TV,Talk-Show,6075
Comedy,Romance,Sci-Fi,492
Comedy,Romance,Short,5120
Comedy,Romance,Sport,1220
Comedy,Romance,Thriller,139
Comedy,Sci-Fi,Short,1660
Comedy,Sci-Fi,Talk-Show,326
Comedy,Short,Sport,551
Comedy,Short,Talk-Show,677
Comedy,Short,Thriller,1122
Comedy,Short,Western,679
Comedy,Sport,Talk-Show,2588
Crime,Documentary,Drama,4036
Crime,Documentary,Family,103
Crime,Documentary,History,1684
Crime,Documentary,Mystery,1355
Crime,Documentary,News,434
Crime,Documentary,Reality-TV,2728
Crime,Documentary,Short,271
Crime,Drama,Family,2244
Crime,Drama,Fantasy,2446
Crime,Drama,Film-Noir,594
Crime,Drama,History,1321
Crime,Drama,Horror,3069
Crime,Drama,Music,541
Crime,Drama,Musical,123
Crime,Drama,Mystery,59113
Crime,Drama,News,167
Crime,Drama,Reality-TV,4637
Crime,Drama,Romance,44298
Crime,Drama,Sci-Fi,382
Crime,Drama,Short,5373
Crime,Drama,Sport,242
Crime,Drama,Thriller,16052
Crime,Drama,Western,218
Crime,Family,Mystery,322
Crime,Fantasy,Horror,358
Crime,Fantasy,Mystery,175
Crime,Horror,Mystery,989
Crime,Horror,Sci-Fi,583
Crime,Horror,Short,411
Crime,Horror,Thriller,657
Crime,Musical,Mystery,487
Crime,Musical,Romance,104
Crime,Mystery,News,709
Crime,Mystery,Reality-TV,788
Crime,Mystery,Romance,533
Crime,Mystery,Sci-Fi,117
Crime,Mystery,Short,609
Crime,Mystery,Thriller,2395
Crime,News,Reality-TV,109
Crime,Reality-TV,Talk-Show,265
Crime,Romance,Thriller,778
Crime,Sci-Fi,Thriller,109
Crime,Short,Thriller,815
Documentary,Drama,Family,1425
Documentary,Drama,Fantasy,368
Documentary,Drama,History,2155
Documentary,Drama,Music,304
Documentary,Drama,Musical,349
Documentary,Drama,Mystery,203
Documentary,Drama,News,515
Documentary,Drama,Reality-TV,527
Documentary,Drama,Romance,149
Documentary,Drama,Short,2938
Documentary,Drama,Sport,172
Documentary,Drama,Thriller,122
Documentary,Drama,War,144
Documentary,Family,Game-Show,1178
Documentary,Family,History,855
Documentary,Family,Music,1094
Documentary,Family,Musical,191
Documentary,Family,News,1946
Documentary,Family,Reality-TV,1771
Documentary,Family,Short,1607
Documentary,Family,Sport,363
Documentary,Family,Talk-Show,570
Documentary,Fantasy,History,233
Documentary,Fantasy,Reality-TV,804
Documentary,Fantasy,Short,113
Documentary,Game-Show,Music,1526
Documentary,Game-Show,Reality-TV,3230
Documentary,History,Horror,340
Documentary,History,Music,1100
Documentary,History,Mystery,1393
Documentary,History,News,1209
Documentary,History,Reality-TV,625
Documentary,History,Sci-Fi,250
Documentary,History,Short,2942
Documentary,History,Sport,775
Documentary,History,Talk-Show,785
Documentary,History,War,5255
Documentary,History,Western,116
Documentary,Horror,Mystery,495
Documentary,Horror,Short,222
Documentary,Horror,Thriller,165
Documentary,Music,Musical,226
Documentary,Music,News,192
Documentary,Music,Reality-TV,417
Documentary,Music,Short,2316
Documentary,Music,Talk-Show,990
Documentary,Musical,Short,261
Documentary,Mystery,Reality-TV,561
Documentary,Mystery,Short,337
Documentary,News,Reality-TV,625
Documentary,News,Short,2571
Documentary,News,Sport,1736
Documentary,News,Talk-Show,16519
Documentary,News,War,224
Documentary,Reality-TV,Romance,163
Documentary,Reality-TV,Short,401
Documentary,Reality-TV,Sport,436
Documentary,Reality-TV,Talk-Show,199
Documentary,Romance,Short,128
Documentary,Sci-Fi,Short,232
Documentary,Sci-Fi,Talk-Show,205
Documentary,Short,Sport,3439
Documentary,Short,Talk-Show,866
Documentary,Short,War,897
Documentary,Sport,Talk-Show,127
Drama,Family,Fantasy,4619
Drama,Family,History,1215
Drama,Family,Horror,118
Drama,Family,Music,1076
Drama,Family,Musical,1594
Drama,Family,Mystery,1421
Drama,Family,Reality-TV,389
Drama,Family,Romance,41262
Drama,Family,Sci-Fi,427
Drama,Family,Short,5968
Drama,Family,Sport,345
Drama,Family,Talk-Show,322
Drama,Family,Thriller,130
Drama,Family,Western,466
Drama,Fantasy,History,1513
Drama,Fantasy,Horror,9543
Drama,Fantasy,Music,488
Drama,Fantasy,Musical,292
Drama,Fantasy,Mystery,3953
Drama,Fantasy,Romance,9663
Drama,Fantasy,Sci-Fi,1161
Drama,Fantasy,Short,3359
Drama,Fantasy,Thriller,558
Drama,Game-Show,Reality-TV,209
Drama,History,Horror,101
Drama,History,Music,376
Drama,History,Musical,101
Drama,History,Mystery,1031
Drama,History,Romance,9235
Drama,History,Short,1590
Drama,History,Thriller,560
Drama,History,War,3891
Drama,History,Western,140
Drama,Horror,Music,101
Drama,Horror,Mystery,5837
Drama,Horror,Romance,986
Drama,Horror,Sci-Fi,1119
Drama,Horror,Short,3980
Drama,Horror,Thriller,2881
Drama,Music,Musical,698
Drama,Music,Mystery,357
Drama,Music,Reality-TV,149
Drama,Music,Romance,4156
Drama,Music,Short,1302
Drama,Music,Western,272
Drama,Musical,Mystery,217
Drama,Musical,Romance,3019
Drama,Musical,Short,367
Drama,Musical,Sport,131
Drama,Mystery,Romance,26765
Drama,Mystery,Sci-Fi,2158
Drama,Mystery,Short,4247
Drama,Mystery,Thriller,6049
Drama,Mystery,War,132
Drama,News,Reality-TV,255
Drama,News,Short,264
Drama,Reality-TV,Romance,546
Drama,Reality-TV,Sport,173
Drama,Reality-TV,Talk-Show,984
Drama,Romance,Sci-Fi,1189
Drama,Romance,Short,9279
Drama,Romance,Sport,2043
Drama,Romance,Thriller,11183
Drama,Romance,War,2449
Drama,Romance,Western,531
Drama,Sci-Fi,Short,3642
Drama,Sci-Fi,Thriller,1286
Drama,Short,Sport,631
Drama,Short,Thriller,6078
Drama,Short,War,1489
Drama,Short,Western,684
Drama,Thriller,War,308
Family,Fantasy,History,267
Family,Fantasy,Horror,175
Family,Fantasy,Music,4178
Family,Fantasy,Musical,1181
Family,Fantasy,Mystery,103
Family,Fantasy,Romance,491
Family,Fantasy,Sci-Fi,336
Family,Fantasy,Short,294
Family,Fantasy,War,800
Family,Game-Show,Music,2113
Family,Game-Show,Musical,1050
Family,Game-Show,Reality-TV,2532
Family,Game-Show,Sport,158
Family,Game-Show,Talk-Show,871
Family,History,Reality-TV,423
Family,Music,Musical,412
Family,Music,News,3178
Family,Music,Reality-TV,1465
Family,Music,Short,211
Family,Music,Talk-Show,317
Family,Musical,Romance,151
Family,Musical,Talk-Show,323
Family,News,Sport,154
Family,News,Talk-Show,5948
Family,Reality-TV,Short,210
Family,Reality-TV,Talk-Show,595
Fantasy,History,Romance,252
Fantasy,History,Sci-Fi,270
Fantasy,Horror,Mystery,7979
Fantasy,Horror,Reality-TV,227
Fantasy,Horror,Romance,144
Fantasy,Horror,Sci-Fi,490
Fantasy,Horror,Short,1155
Fantasy,Horror,Thriller,339
Fantasy,Music,Romance,102
Fantasy,Music,Short,220
Fantasy,Mystery,Romance,308
Fantasy,Mystery,Sci-Fi,366
Fantasy,Mystery,Short,568
Fantasy,Mystery,Thriller,391
Fantasy,Romance,Short,437
Fantasy,Sci-Fi,Short,520
Fantasy,Sci-Fi,Talk-Show,151
Fantasy,Sci-Fi,Thriller,124
Fantasy,Short,Thriller,220
Game-Show,Music,Musical,182
Game-Show,Music,Mystery,290
Game-Show,Music,Reality-TV,7796
Game-Show,Music,Sport,108
Game-Show,Music,Talk-Show,2993
Game-Show,Mystery,Reality-TV,165
Game-Show,News,Talk-Show,321
Game-Show,Reality-TV,Romance,2528
Game-Show,Reality-TV,Sport,766
Game-Show,Reality-TV,Talk-Show,787
Game-Show,Reality-TV,Thriller,185
History,Horror,Mystery,100
History,Horror,Romance,152
History,Music,Talk-Show,323
History,Mystery,News,266
History,Mystery,Sci-Fi,362
Horror,Music,Mystery,151
Horror,Music,Short,184
Horror,Mystery,Reality-TV,142
Horror,Mystery,Romance,265
Horror,Mystery,Sci-Fi,956
Horror,Mystery,Short,1752
Horror,Mystery,Thriller,3338
Horror,News,Talk-Show,173
Horror,Romance,Short,227
Horror,Romance,Thriller,149
Horror,Sci-Fi,Short,1129
Horror,Sci-Fi,Thriller,744
Horror,Short,Thriller,3914
Horror,Talk-Show,Thriller,199
Music,Musical,Romance,226
Music,Musical,Short,162
Music,Musical,Talk-Show,140
Music,News,Sport,392
Music,News,Talk-Show,7607
Music,Reality-TV,Talk-Show,1875
Music,Romance,Short,267
Music,Sport,Talk-Show,1042
Musical,News,Reality-TV,620
Musical,Romance,Short,150
Musical,Sport,Talk-Show,117
Mystery,Romance,Short,156
Mystery,Romance,Thriller,222
Mystery,Sci-Fi,Short,450
Mystery,Sci-Fi,Thriller,341
Mystery,Short,Thriller,1011
News,Reality-TV,Short,121
News,Reality-TV,Talk-Show,10612
News,Short,Talk-Show,796
News,Sport,Talk-Show,19655
Reality-TV,Romance,Talk-Show,199
Reality-TV,Short,Talk-Show,161
Reality-TV,Sport,Talk-Show,159
Romance,Sci-Fi,Short,234
Romance,Short,Thriller,174
Sci-Fi,Short,Talk-Show,247
Sci-Fi,Short,Thriller,786
Short,Thriller,Western,118
