profession1,profession2,profession3,count
actor,animation_department,art_department,914
actor,animation_department,camera_department,124
actor,animation_department,director,766
actor,animation_department,editor,104
actor,animation_department,miscellaneous,375
actor,animation_department,producer,194
actor,animation_department,visual_effects,869
actor,animation_department,writer,462
actor,archive_footage,archive_sound,560
actor,archive_footage,art_department,105
actor,archive_footage,assistant_director,140
actor,archive_footage,camera_department,259
actor,archive_footage,composer,291
actor,archive_footage,director,746
actor,archive_footage,miscellaneous,2116
actor,archive_footage,music_department,341
actor,archive_footage,producer,1681
actor,archive_footage,soundtrack,5438
actor,archive_footage,stunts,561
actor,archive_footage,writer,2444
actor,archive_sound,miscellaneous,166
actor,art_department,art_director,1368
actor,art_department,assistant_director,586
actor,art_department,camera_department,2041
actor,art_department,cinematographer,279
actor,art_department,composer,230
actor,art_department,costume_department,440
actor,art_department,costume_designer,110
actor,art_department,director,627
actor,art_department,editor,180
actor,art_department,editorial_department,105
actor,art_department,location_management,320
actor,art_department,make_up_department,271
actor,art_department,miscellaneous,3105
actor,art_department,music_department,139
actor,art_department,producer,1315
actor,art_department,production_designer,950
actor,art_department,production_manager,336
actor,art_department,script_department,120
actor,art_department,set_decorator,794
actor,art_department,sound_department,472
actor,art_department,special_effects,636
actor,art_department,stunts,442
actor,art_department,transportation_department,276
actor,art_department,visual_effects,490
actor,art_department,writer,1411
actor,art_director,assistant_director,163
actor,art_director,camera_department,201
actor,art_director,costume_designer,115
actor,art_director,director,221
actor,art_director,miscellaneous,217
actor,art_director,producer,331
actor,art_director,production_designer,617
actor,art_director,writer,371
actor,assistant_director,camera_department,2402
actor,assistant_director,casting_department,420
actor,assistant_director,casting_director,276
actor,assistant_director,cinematographer,766
actor,assistant_director,composer,206
actor,assistant_director,costume_department,103
actor,assistant_director,director,3480
actor,assistant_director,editor,472
actor,assistant_director,editorial_department,188
actor,assistant_director,location_management,353
actor,assistant_director,make_up_department,117
actor,assistant_director,miscellaneous,3639
actor,assistant_director,music_department,131
actor,assistant_director,producer,3465
actor,assistant_director,production_manager,1045
actor,assistant_director,script_department,632
actor,assistant_director,sound_department,763
actor,assistant_director,stunts,990
actor,assistant_director,visual_effects,143
actor,assistant_director,writer,2766
actor,camera_department,casting_department,192
actor,camera_department,cinematographer,9387
actor,camera_department,composer,591
actor,camera_department,costume_department,182
actor,camera_department,director,3124
actor,camera_department,editor,1356
actor,camera_department,editorial_department,764
actor,camera_department,location_management,392
actor,camera_department,make_up_department,265
actor,camera_department,miscellaneous,7662
actor,camera_department,music_department,272
actor,camera_department,producer,4310
actor,camera_department,production_designer,206
actor,camera_department,production_manager,545
actor,camera_department,script_department,376
actor,camera_department,set_decorator,238
actor,camera_department,sound_department,4575
actor,camera_department,soundtrack,141
actor,camera_department,special_effects,438
actor,camera_department,stunts,992
actor,camera_department,transportation_department,525
actor,camera_department,visual_effects,665
actor,camera_department,writer,2867
actor,casting_department,casting_director,841
actor,casting_department,director,194
actor,casting_department,miscellaneous,876
actor,casting_department,producer,754
actor,casting_department,stunts,125
actor,casting_department,writer,390
actor,casting_director,director,229
actor,casting_director,miscellaneous,266
actor,casting_director,producer,725
actor,casting_director,writer,403
actor,cinematographer,composer,433
actor,cinematographer,director,4711
actor,cinematographer,editor,2322
actor,cinematographer,editorial_department,175
actor,cinematographer,miscellaneous,940
actor,cinematographer,producer,2700
actor,cinematographer,sound_department,687
actor,cinematographer,special_effects,138
actor,cinematographer,stunts,220
actor,cinematographer,visual_effects,286
actor,cinematographer,writer,2683
actor,composer,director,2079
actor,composer,editor,535
actor,composer,miscellaneous,878
actor,composer,music_artist,1033
actor,composer,music_department,14905
actor,composer,producer,2970
actor,composer,sound_department,2968
actor,composer,soundtrack,5908
actor,composer,visual_effects,101
actor,composer,writer,5674
actor,costume_department,costume_designer,896
actor,costume_department,make_up_department,394
actor,costume_department,miscellaneous,487
actor,costume_department,producer,262
actor,costume_department,writer,217
actor,costume_designer,make_up_department,142
actor,costume_designer,producer,124
actor,costume_designer,production_designer,129
actor,costume_designer,writer,124
actor,director,editor,5065
actor,director,editorial_department,253
actor,director,location_management,128
actor,director,make_up_department,140
actor,director,miscellaneous,3333
actor,director,music_department,612
actor,director,producer,21141
actor,director,production_designer,123
actor,director,production_manager,351
actor,director,script_department,203
actor,director,sound_department,1189
actor,director,soundtrack,404
actor,director,special_effects,144
actor,director,stunts,863
actor,director,visual_effects,534
actor,director,writer,64807
actor,editor,editorial_department,1927
actor,editor,miscellaneous,663
actor,editor,music_department,129
actor,editor,producer,2547
actor,editor,sound_department,949
actor,editor,stunts,107
actor,editor,visual_effects,462
actor,editor,writer,3202
actor,editorial_department,miscellaneous,784
actor,editorial_department,producer,511
actor,editorial_department,production_manager,123
actor,editorial_department,sound_department,386
actor,editorial_department,visual_effects,331
actor,editorial_department,writer,417
actor,executive,miscellaneous,148
actor,executive,producer,1115
actor,executive,writer,122
actor,location_management,miscellaneous,1301
actor,location_management,producer,964
actor,location_management,production_manager,636
actor,location_management,sound_department,127
actor,location_management,stunts,125
actor,location_management,transportation_department,149
actor,location_management,writer,310
actor,make_up_department,miscellaneous,439
actor,make_up_department,producer,336
actor,make_up_department,special_effects,966
actor,make_up_department,writer,224
actor,manager,producer,309
actor,miscellaneous,music_department,1016
actor,miscellaneous,producer,10578
actor,miscellaneous,production_designer,185
actor,miscellaneous,production_manager,2078
actor,miscellaneous,script_department,777
actor,miscellaneous,set_decorator,223
actor,miscellaneous,sound_department,3283
actor,miscellaneous,soundtrack,1134
actor,miscellaneous,special_effects,630
actor,miscellaneous,stunts,5151
actor,miscellaneous,transportation_department,1073
actor,miscellaneous,visual_effects,762
actor,miscellaneous,writer,6994
actor,music_artist,music_department,367
actor,music_artist,producer,115
actor,music_artist,soundtrack,230
actor,music_artist,writer,161
actor,music_department,producer,1461
actor,music_department,sound_department,1414
actor,music_department,soundtrack,5157
actor,music_department,stunts,102
actor,music_department,writer,2127
actor,producer,production_designer,385
actor,producer,production_manager,3434
actor,producer,script_department,460
actor,producer,set_decorator,150
actor,producer,sound_department,2201
actor,producer,soundtrack,1293
actor,producer,special_effects,328
actor,producer,stunts,2539
actor,producer,talent_agent,131
actor,producer,transportation_department,308
actor,producer,visual_effects,471
actor,producer,writer,39261
actor,production_designer,set_decorator,159
actor,production_designer,writer,190
actor,production_manager,sound_department,179
actor,production_manager,stunts,133
actor,production_manager,transportation_department,130
actor,production_manager,writer,439
actor,script_department,sound_department,145
actor,script_department,writer,1299
actor,sound_department,soundtrack,218
actor,sound_department,special_effects,153
actor,sound_department,stunts,273
actor,sound_department,transportation_department,127
actor,sound_department,visual_effects,235
actor,sound_department,writer,1425
actor,soundtrack,stunts,121
actor,soundtrack,writer,1766
actor,special_effects,stunts,693
actor,special_effects,visual_effects,454
actor,special_effects,writer,271
actor,stunts,transportation_department,413
actor,stunts,visual_effects,129
actor,stunts,writer,1002
actor,visual_effects,writer,406
actress,animation_department,art_department,322
actress,animation_department,director,241
actress,animation_department,miscellaneous,161
actress,animation_department,visual_effects,182
actress,animation_department,writer,135
actress,archive_footage,archive_sound,180
actress,archive_footage,camera_department,110
actress,archive_footage,director,320
actress,archive_footage,make_up_department,161
actress,archive_footage,miscellaneous,1212
actress,archive_footage,music_department,163
actress,archive_footage,producer,1113
actress,archive_footage,soundtrack,4457
actress,archive_footage,stunts,113
actress,archive_footage,writer,977
actress,art_department,art_director,716
actress,art_department,assistant_director,351
actress,art_department,camera_department,492
actress,art_department,casting_department,109
actress,art_department,costume_department,689
actress,art_department,costume_designer,218
actress,art_department,director,255
actress,art_department,make_up_department,482
actress,art_department,miscellaneous,1725
actress,art_department,producer,722
actress,art_department,production_designer,562
actress,art_department,production_manager,109
actress,art_department,script_department,141
actress,art_department,set_decorator,453
actress,art_department,sound_department,107
actress,art_department,visual_effects,123
actress,art_department,writer,628
actress,art_director,assistant_director,109
actress,art_director,camera_department,109
actress,art_director,costume_department,194
actress,art_director,costume_designer,146
actress,art_director,director,111
actress,art_director,make_up_department,128
actress,art_director,miscellaneous,171
actress,art_director,producer,292
actress,art_director,production_designer,296
actress,art_director,writer,199
actress,assistant_director,camera_department,741
actress,assistant_director,casting_department,400
actress,assistant_director,casting_director,253
actress,assistant_director,cinematographer,184
actress,assistant_director,costume_department,243
actress,assistant_director,director,987
actress,assistant_director,editor,170
actress,assistant_director,location_management,135
actress,assistant_director,make_up_department,300
actress,assistant_director,miscellaneous,2378
actress,assistant_director,producer,2159
actress,assistant_director,production_manager,435
actress,assistant_director,script_department,682
actress,assistant_director,sound_department,194
actress,assistant_director,stunts,123
actress,assistant_director,writer,1172
actress,camera_department,cinematographer,1078
actress,camera_department,costume_department,217
actress,camera_department,director,594
actress,camera_department,editor,248
actress,camera_department,editorial_department,144
actress,camera_department,location_management,108
actress,camera_department,make_up_department,479
actress,camera_department,miscellaneous,1877
actress,camera_department,producer,1114
actress,camera_department,production_manager,139
actress,camera_department,script_department,322
actress,camera_department,sound_department,512
actress,camera_department,writer,659
actress,casting_department,casting_director,1275
actress,casting_department,costume_department,107
actress,casting_department,director,143
actress,casting_department,make_up_department,116
actress,casting_department,miscellaneous,1297
actress,casting_department,producer,902
actress,casting_department,writer,382
actress,casting_director,director,177
actress,casting_director,miscellaneous,358
actress,casting_director,producer,901
actress,casting_director,writer,364
actress,cinematographer,director,882
actress,cinematographer,editor,288
actress,cinematographer,miscellaneous,258
actress,cinematographer,producer,607
actress,cinematographer,writer,609
actress,composer,director,452
actress,composer,miscellaneous,208
actress,composer,music_artist,283
actress,composer,music_department,2465
actress,composer,producer,616
actress,composer,sound_department,167
actress,composer,soundtrack,1336
actress,composer,writer,1298
actress,costume_department,costume_designer,2637
actress,costume_department,director,152
actress,costume_department,make_up_department,1591
actress,costume_department,miscellaneous,1051
actress,costume_department,producer,718
actress,costume_department,production_designer,142
actress,costume_department,production_manager,118
actress,costume_department,set_decorator,117
actress,costume_department,writer,405
actress,costume_designer,make_up_department,525
actress,costume_designer,miscellaneous,219
actress,costume_designer,producer,360
actress,costume_designer,production_designer,210
actress,costume_designer,writer,243
actress,director,editor,1148
actress,director,make_up_department,228
actress,director,miscellaneous,1508
actress,director,music_department,228
actress,director,producer,8067
actress,director,script_department,237
actress,director,sound_department,194
actress,director,soundtrack,180
actress,director,stunts,102
actress,director,writer,19044
actress,editor,editorial_department,688
actress,editor,miscellaneous,232
actress,editor,producer,810
actress,editor,sound_department,146
actress,editor,writer,877
actress,editorial_department,miscellaneous,526
actress,editorial_department,producer,273
actress,editorial_department,writer,161
actress,executive,miscellaneous,102
actress,executive,producer,510
actress,location_management,miscellaneous,552
actress,location_management,producer,529
actress,location_management,production_manager,154
actress,location_management,writer,134
actress,make_up_department,miscellaneous,1307
actress,make_up_department,producer,1130
actress,make_up_department,production_designer,112
actress,make_up_department,production_manager,121
actress,make_up_department,script_department,180
actress,make_up_department,sound_department,145
actress,make_up_department,special_effects,1052
actress,make_up_department,stunts,140
actress,make_up_department,writer,599
actress,manager,producer,150
actress,miscellaneous,music_department,606
actress,miscellaneous,producer,7903
actress,miscellaneous,production_designer,200
actress,miscellaneous,production_manager,1396
actress,miscellaneous,script_department,1259
actress,miscellaneous,set_decorator,231
actress,miscellaneous,sound_department,984
actress,miscellaneous,soundtrack,843
actress,miscellaneous,special_effects,148
actress,miscellaneous,stunts,1389
actress,miscellaneous,transportation_department,189
actress,miscellaneous,visual_effects,268
actress,miscellaneous,writer,3508
actress,music_artist,music_department,194
actress,music_artist,writer,109
actress,music_department,producer,689
actress,music_department,sound_department,176
actress,music_department,soundtrack,2804
actress,music_department,writer,672
actress,producer,production_designer,343
actress,producer,production_manager,1951
actress,producer,script_department,721
actress,producer,set_decorator,160
actress,producer,sound_department,466
actress,producer,soundtrack,1042
actress,producer,stunts,621
actress,producer,visual_effects,140
actress,producer,writer,20832
actress,production_designer,set_decorator,125
actress,production_designer,writer,136
actress,production_manager,script_department,131
actress,production_manager,writer,195
actress,script_department,sound_department,110
actress,script_department,writer,845
actress,sound_department,writer,269
actress,soundtrack,writer,830
actress,stunts,writer,254
animation_department,art_department,art_director,1955
animation_department,art_department,assistant_director,426
animation_department,art_department,camera_department,238
animation_department,art_department,director,3426
animation_department,art_department,editor,235
animation_department,art_department,editorial_department,215
animation_department,art_department,miscellaneous,3013
animation_department,art_department,producer,470
animation_department,art_department,production_designer,540
animation_department,art_department,production_manager,142
animation_department,art_department,set_decorator,110
animation_department,art_department,sound_department,114
animation_department,art_department,special_effects,376
animation_department,art_department,visual_effects,5321
animation_department,art_department,writer,1279
animation_department,art_director,director,335
animation_department,art_director,miscellaneous,101
animation_department,art_director,production_designer,124
animation_department,art_director,visual_effects,350
animation_department,assistant_director,director,354
animation_department,assistant_director,miscellaneous,139
animation_department,assistant_director,visual_effects,178
animation_department,camera_department,cinematographer,350
animation_department,camera_department,director,127
animation_department,camera_department,miscellaneous,210
animation_department,camera_department,visual_effects,697
animation_department,cinematographer,director,412
animation_department,cinematographer,editor,120
animation_department,cinematographer,visual_effects,286
animation_department,director,editor,577
animation_department,director,miscellaneous,575
animation_department,director,producer,1242
animation_department,director,visual_effects,1811
animation_department,director,writer,6220
animation_department,editor,editorial_department,362
animation_department,editor,miscellaneous,108
animation_department,editor,producer,144
animation_department,editor,visual_effects,503
animation_department,editor,writer,110
animation_department,editorial_department,miscellaneous,219
animation_department,editorial_department,visual_effects,638
animation_department,miscellaneous,producer,688
animation_department,miscellaneous,production_manager,455
animation_department,miscellaneous,special_effects,125
animation_department,miscellaneous,visual_effects,3101
animation_department,miscellaneous,writer,246
animation_department,producer,production_manager,285
animation_department,producer,visual_effects,723
animation_department,producer,writer,413
animation_department,production_manager,visual_effects,268
animation_department,sound_department,visual_effects,133
animation_department,special_effects,visual_effects,1165
animation_department,visual_effects,writer,458
archive_footage,camera_department,cinematographer,118
archive_footage,composer,soundtrack,395
archive_footage,director,producer,127
archive_footage,director,writer,265
archive_footage,miscellaneous,producer,298
archive_footage,miscellaneous,writer,330
archive_footage,music_department,soundtrack,518
archive_footage,producer,writer,664
archive_footage,soundtrack,writer,139
art_department,art_director,assistant_director,326
art_department,art_director,camera_department,685
art_department,art_director,cinematographer,124
art_department,art_director,costume_department,931
art_department,art_director,costume_designer,473
art_department,art_director,director,439
art_department,art_director,location_management,154
art_department,art_director,make_up_department,310
art_department,art_director,miscellaneous,1950
art_department,art_director,producer,647
art_department,art_director,production_designer,10760
art_department,art_director,production_manager,118
art_department,art_director,set_decorator,3271
art_department,art_director,sound_department,111
art_department,art_director,special_effects,396
art_department,art_director,visual_effects,590
art_department,art_director,writer,312
art_department,assistant_director,camera_department,507
art_department,assistant_director,costume_department,120
art_department,assistant_director,director,714
art_department,assistant_director,location_management,119
art_department,assistant_director,miscellaneous,1411
art_department,assistant_director,producer,482
art_department,assistant_director,production_designer,172
art_department,assistant_director,production_manager,202
art_department,assistant_director,script_department,159
art_department,assistant_director,set_decorator,162
art_department,assistant_director,writer,190
art_department,camera_department,cinematographer,1575
art_department,camera_department,costume_department,215
art_department,camera_department,director,347
art_department,camera_department,editor,262
art_department,camera_department,editorial_department,247
art_department,camera_department,location_management,208
art_department,camera_department,make_up_department,123
art_department,camera_department,miscellaneous,3061
art_department,camera_department,producer,576
art_department,camera_department,production_designer,492
art_department,camera_department,production_manager,245
art_department,camera_department,script_department,112
art_department,camera_department,set_decorator,516
art_department,camera_department,sound_department,629
art_department,camera_department,special_effects,437
art_department,camera_department,transportation_department,242
art_department,camera_department,visual_effects,452
art_department,camera_department,writer,232
art_department,casting_department,miscellaneous,257
art_department,cinematographer,director,322
art_department,cinematographer,editor,190
art_department,cinematographer,miscellaneous,192
art_department,cinematographer,producer,147
art_department,cinematographer,visual_effects,105
art_department,cinematographer,writer,109
art_department,composer,music_department,127
art_department,composer,sound_department,148
art_department,costume_department,costume_designer,1782
art_department,costume_department,make_up_department,484
art_department,costume_department,miscellaneous,954
art_department,costume_department,producer,200
art_department,costume_department,production_designer,564
art_department,costume_department,set_decorator,534
art_department,costume_department,special_effects,221
art_department,costume_designer,make_up_department,153
art_department,costume_designer,miscellaneous,116
art_department,costume_designer,production_designer,645
art_department,costume_designer,set_decorator,168
art_department,director,editor,299
art_department,director,miscellaneous,825
art_department,director,producer,810
art_department,director,production_designer,308
art_department,director,visual_effects,356
art_department,director,writer,3042
art_department,editor,editorial_department,547
art_department,editor,miscellaneous,176
art_department,editor,producer,175
art_department,editor,sound_department,139
art_department,editor,visual_effects,228
art_department,editor,writer,112
art_department,editorial_department,miscellaneous,565
art_department,editorial_department,producer,110
art_department,editorial_department,visual_effects,487
art_department,location_management,miscellaneous,1116
art_department,location_management,producer,169
art_department,location_management,production_designer,174
art_department,location_management,production_manager,264
art_department,location_management,set_decorator,191
art_department,make_up_department,miscellaneous,251
art_department,make_up_department,production_designer,170
art_department,make_up_department,set_decorator,122
art_department,make_up_department,special_effects,957
art_department,miscellaneous,music_department,103
art_department,miscellaneous,producer,2263
art_department,miscellaneous,production_designer,1164
art_department,miscellaneous,production_manager,1338
art_department,miscellaneous,script_department,433
art_department,miscellaneous,set_decorator,1451
art_department,miscellaneous,sound_department,501
art_department,miscellaneous,special_effects,889
art_department,miscellaneous,stunts,138
art_department,miscellaneous,transportation_department,689
art_department,miscellaneous,visual_effects,2094
art_department,miscellaneous,writer,879
art_department,producer,production_designer,532
art_department,producer,production_manager,595
art_department,producer,script_department,114
art_department,producer,set_decorator,216
art_department,producer,sound_department,139
art_department,producer,visual_effects,266
art_department,producer,writer,934
art_department,production_designer,production_manager,120
art_department,production_designer,set_decorator,3597
art_department,production_designer,special_effects,242
art_department,production_designer,visual_effects,207
art_department,production_designer,writer,206
art_department,production_manager,set_decorator,105
art_department,script_department,writer,101
art_department,set_decorator,special_effects,235
art_department,set_decorator,transportation_department,140
art_department,special_effects,visual_effects,945
art_department,visual_effects,writer,179
art_director,assistant_director,miscellaneous,112
art_director,assistant_director,producer,139
art_director,camera_department,cinematographer,306
art_director,camera_department,miscellaneous,139
art_director,camera_department,producer,114
art_director,camera_department,production_designer,167
art_director,cinematographer,director,174
art_director,costume_department,costume_designer,589
art_director,costume_department,make_up_department,217
art_director,costume_department,production_designer,277
art_director,costume_designer,make_up_department,139
art_director,costume_designer,production_designer,647
art_director,costume_designer,set_decorator,115
art_director,director,editor,139
art_director,director,producer,340
art_director,director,production_designer,258
art_director,director,writer,1543
art_director,make_up_department,production_designer,100
art_director,miscellaneous,producer,244
art_director,miscellaneous,production_designer,287
art_director,miscellaneous,writer,109
art_director,producer,production_designer,382
art_director,producer,production_manager,115
art_director,producer,writer,379
art_director,production_designer,set_decorator,1297
art_director,production_designer,writer,154
assistant,miscellaneous,producer,100
assistant_director,camera_department,casting_department,120
assistant_director,camera_department,cinematographer,2995
assistant_director,camera_department,director,1231
assistant_director,camera_department,editor,650
assistant_director,camera_department,editorial_department,395
assistant_director,camera_department,location_management,240
assistant_director,camera_department,miscellaneous,2964
assistant_director,camera_department,producer,1781
assistant_director,camera_department,production_manager,449
assistant_director,camera_department,script_department,406
assistant_director,camera_department,sound_department,901
assistant_director,camera_department,visual_effects,188
assistant_director,camera_department,writer,573
assistant_director,casting_department,casting_director,485
assistant_director,casting_department,director,200
assistant_director,casting_department,location_management,142
assistant_director,casting_department,miscellaneous,837
assistant_director,casting_department,producer,260
assistant_director,casting_department,production_manager,168
assistant_director,casting_department,script_department,109
assistant_director,casting_department,writer,118
assistant_director,casting_director,director,143
assistant_director,casting_director,miscellaneous,146
assistant_director,casting_director,producer,225
assistant_director,casting_director,writer,102
assistant_director,cinematographer,director,940
assistant_director,cinematographer,editor,519
assistant_director,cinematographer,miscellaneous,322
assistant_director,cinematographer,producer,571
assistant_director,cinematographer,sound_department,157
assistant_director,cinematographer,writer,283
assistant_director,composer,sound_department,111
assistant_director,costume_department,costume_designer,144
assistant_director,costume_department,miscellaneous,304
assistant_director,costume_department,producer,109
assistant_director,director,editor,1294
assistant_director,director,editorial_department,234
assistant_director,director,location_management,185
assistant_director,director,miscellaneous,2493
assistant_director,director,producer,4965
assistant_director,director,production_manager,702
assistant_director,director,script_department,647
assistant_director,director,sound_department,278
assistant_director,director,visual_effects,162
assistant_director,director,writer,13675
assistant_director,editor,editorial_department,1009
assistant_director,editor,miscellaneous,344
assistant_director,editor,producer,711
assistant_director,editor,production_manager,120
assistant_director,editor,script_department,179
assistant_director,editor,sound_department,273
assistant_director,editor,visual_effects,166
assistant_director,editor,writer,443
assistant_director,editorial_department,miscellaneous,582
assistant_director,editorial_department,producer,360
assistant_director,editorial_department,production_manager,169
assistant_director,editorial_department,script_department,137
assistant_director,editorial_department,sound_department,103
assistant_director,editorial_department,visual_effects,126
assistant_director,editorial_department,writer,111
assistant_director,location_management,miscellaneous,1645
assistant_director,location_management,producer,527
assistant_director,location_management,production_manager,865
assistant_director,make_up_department,miscellaneous,119
assistant_director,make_up_department,producer,108
assistant_director,miscellaneous,producer,6169
assistant_director,miscellaneous,production_manager,3263
assistant_director,miscellaneous,script_department,1590
assistant_director,miscellaneous,sound_department,586
assistant_director,miscellaneous,stunts,141
assistant_director,miscellaneous,transportation_department,375
assistant_director,miscellaneous,visual_effects,399
assistant_director,miscellaneous,writer,1073
assistant_director,producer,production_designer,130
assistant_director,producer,production_manager,4229
assistant_director,producer,script_department,672
assistant_director,producer,sound_department,518
assistant_director,producer,visual_effects,224
assistant_director,producer,writer,2548
assistant_director,production_manager,script_department,373
assistant_director,production_manager,sound_department,135
assistant_director,production_manager,writer,303
assistant_director,script_department,writer,576
assistant_director,sound_department,writer,171
camera_department,casting_department,cinematographer,129
camera_department,casting_department,miscellaneous,298
camera_department,casting_department,producer,112
camera_department,cinematographer,composer,435
camera_department,cinematographer,costume_department,107
camera_department,cinematographer,director,14117
camera_department,cinematographer,editor,9323
camera_department,cinematographer,editorial_department,4161
camera_department,cinematographer,location_management,453
camera_department,cinematographer,make_up_department,125
camera_department,cinematographer,miscellaneous,9111
camera_department,cinematographer,music_department,117
camera_department,cinematographer,producer,10543
camera_department,cinematographer,production_designer,228
camera_department,cinematographer,production_manager,587
camera_department,cinematographer,script_department,254
camera_department,cinematographer,set_decorator,126
camera_department,cinematographer,sound_department,4709
camera_department,cinematographer,special_effects,584
camera_department,cinematographer,stunts,109
camera_department,cinematographer,transportation_department,292
camera_department,cinematographer,visual_effects,2404
camera_department,cinematographer,writer,3118
camera_department,composer,director,143
camera_department,composer,editor,138
camera_department,composer,miscellaneous,120
camera_department,composer,music_department,202
camera_department,composer,producer,112
camera_department,composer,sound_department,556
camera_department,costume_department,costume_designer,129
camera_department,costume_department,make_up_department,101
camera_department,costume_department,miscellaneous,284
camera_department,director,editor,3116
camera_department,director,editorial_department,500
camera_department,director,miscellaneous,1831
camera_department,director,producer,5025
camera_department,director,production_manager,106
camera_department,director,script_department,129
camera_department,director,sound_department,1082
camera_department,director,visual_effects,367
camera_department,director,writer,9612
camera_department,editor,editorial_department,3853
camera_department,editor,miscellaneous,1301
camera_department,editor,producer,1751
camera_department,editor,production_manager,133
camera_department,editor,script_department,187
camera_department,editor,sound_department,1475
camera_department,editor,visual_effects,733
camera_department,editor,writer,734
camera_department,editorial_department,miscellaneous,2310
camera_department,editorial_department,producer,741
camera_department,editorial_department,production_manager,232
camera_department,editorial_department,script_department,105
camera_department,editorial_department,sound_department,848
camera_department,editorial_department,visual_effects,1152
camera_department,editorial_department,writer,205
camera_department,location_management,miscellaneous,1175
camera_department,location_management,producer,309
camera_department,location_management,production_manager,300
camera_department,location_management,sound_department,141
camera_department,make_up_department,miscellaneous,213
camera_department,make_up_department,producer,113
camera_department,make_up_department,special_effects,107
camera_department,miscellaneous,music_department,107
camera_department,miscellaneous,producer,4417
camera_department,miscellaneous,production_designer,149
camera_department,miscellaneous,production_manager,1509
camera_department,miscellaneous,script_department,654
camera_department,miscellaneous,set_decorator,212
camera_department,miscellaneous,sound_department,4283
camera_department,miscellaneous,special_effects,394
camera_department,miscellaneous,stunts,286
camera_department,miscellaneous,transportation_department,1164
camera_department,miscellaneous,visual_effects,1277
camera_department,miscellaneous,writer,898
camera_department,music_department,sound_department,300
camera_department,producer,production_designer,167
camera_department,producer,production_manager,1108
camera_department,producer,script_department,247
camera_department,producer,sound_department,1683
camera_department,producer,transportation_department,105
camera_department,producer,visual_effects,384
camera_department,producer,writer,2096
camera_department,production_manager,sound_department,254
camera_department,script_department,sound_department,186
camera_department,script_department,writer,139
camera_department,set_decorator,sound_department,101
camera_department,sound_department,special_effects,133
camera_department,sound_department,transportation_department,170
camera_department,sound_department,visual_effects,357
camera_department,sound_department,writer,568
camera_department,special_effects,stunts,116
camera_department,special_effects,visual_effects,445
camera_department,visual_effects,writer,135
casting_department,casting_director,director,170
casting_department,casting_director,miscellaneous,1129
casting_department,casting_director,producer,1379
casting_department,casting_director,production_manager,114
casting_department,casting_director,talent_agent,155
casting_department,casting_director,writer,127
casting_department,costume_department,miscellaneous,113
casting_department,director,miscellaneous,103
casting_department,director,producer,305
casting_department,director,writer,530
casting_department,editorial_department,miscellaneous,168
casting_department,location_management,miscellaneous,209
casting_department,location_management,producer,122
casting_department,miscellaneous,producer,2190
casting_department,miscellaneous,production_manager,469
casting_department,miscellaneous,script_department,145
casting_department,miscellaneous,sound_department,110
casting_department,miscellaneous,writer,154
casting_department,producer,production_manager,321
casting_department,producer,writer,437
casting_director,director,producer,286
casting_director,director,writer,773
casting_director,miscellaneous,producer,483
casting_director,miscellaneous,production_manager,103
casting_director,producer,production_manager,219
casting_director,producer,writer,474
cinematographer,composer,director,718
cinematographer,composer,editor,547
cinematographer,composer,music_department,116
cinematographer,composer,producer,169
cinematographer,composer,sound_department,218
cinematographer,composer,writer,230
cinematographer,director,editor,15575
cinematographer,director,editorial_department,471
cinematographer,director,miscellaneous,921
cinematographer,director,producer,10908
cinematographer,director,production_manager,105
cinematographer,director,sound_department,827
cinematographer,director,special_effects,129
cinematographer,director,visual_effects,790
cinematographer,director,writer,31421
cinematographer,editor,editorial_department,1649
cinematographer,editor,miscellaneous,678
cinematographer,editor,producer,4855
cinematographer,editor,sound_department,1123
cinematographer,editor,special_effects,120
cinematographer,editor,visual_effects,834
cinematographer,editor,writer,2246
cinematographer,editorial_department,miscellaneous,261
cinematographer,editorial_department,producer,327
cinematographer,editorial_department,sound_department,161
cinematographer,editorial_department,visual_effects,332
cinematographer,editorial_department,writer,123
cinematographer,miscellaneous,producer,910
cinematographer,miscellaneous,production_manager,117
cinematographer,miscellaneous,sound_department,257
cinematographer,miscellaneous,visual_effects,161
cinematographer,miscellaneous,writer,254
cinematographer,producer,production_manager,307
cinematographer,producer,sound_department,510
cinematographer,producer,visual_effects,274
cinematographer,producer,writer,2137
cinematographer,sound_department,visual_effects,102
cinematographer,sound_department,writer,174
cinematographer,special_effects,visual_effects,226
cinematographer,visual_effects,writer,149
composer,director,editor,724
composer,director,music_department,743
composer,director,producer,967
composer,director,sound_department,503
composer,director,writer,4183
composer,editor,editorial_department,225
composer,editor,music_department,290
composer,editor,producer,314
composer,editor,sound_department,677
composer,editor,writer,320
composer,editorial_department,music_department,100
composer,editorial_department,sound_department,224
composer,miscellaneous,music_department,1147
composer,miscellaneous,producer,221
composer,miscellaneous,sound_department,731
composer,miscellaneous,soundtrack,144
composer,miscellaneous,writer,149
composer,music_artist,music_department,289
composer,music_department,producer,2248
composer,music_department,sound_department,9559
composer,music_department,soundtrack,11141
composer,music_department,writer,1937
composer,producer,sound_department,897
composer,producer,soundtrack,321
composer,producer,writer,1631
composer,sound_department,soundtrack,705
composer,sound_department,visual_effects,159
composer,sound_department,writer,394
composer,soundtrack,writer,396
costume_department,costume_designer,director,116
costume_department,costume_designer,make_up_department,1942
costume_department,costume_designer,miscellaneous,1619
costume_department,costume_designer,producer,617
costume_department,costume_designer,production_designer,807
costume_department,costume_designer,set_decorator,250
costume_department,costume_designer,writer,134
costume_department,director,producer,120
costume_department,director,writer,342
costume_department,location_management,miscellaneous,148
costume_department,make_up_department,miscellaneous,439
costume_department,make_up_department,producer,240
costume_department,make_up_department,production_designer,133
costume_department,make_up_department,special_effects,487
costume_department,miscellaneous,producer,464
costume_department,miscellaneous,production_manager,251
costume_department,miscellaneous,script_department,129
costume_department,producer,production_manager,125
costume_department,producer,writer,196
costume_designer,director,writer,276
costume_designer,make_up_department,producer,100
costume_designer,make_up_department,production_designer,132
costume_designer,producer,production_designer,101
costume_designer,producer,writer,127
costume_designer,production_designer,set_decorator,210
director,editor,editorial_department,3953
director,editor,miscellaneous,1099
director,editor,music_department,135
director,editor,producer,15379
director,editor,production_manager,174
director,editor,script_department,181
director,editor,sound_department,1266
director,editor,visual_effects,1082
director,editor,writer,40379
director,editorial_department,miscellaneous,467
director,editorial_department,producer,1265
director,editorial_department,sound_department,140
director,editorial_department,visual_effects,283
director,editorial_department,writer,1523
director,executive,producer,627
director,executive,writer,155
director,location_management,miscellaneous,196
director,location_management,producer,430
director,location_management,writer,459
director,make_up_department,producer,147
director,make_up_department,writer,320
director,manager,producer,140
director,miscellaneous,producer,10137
director,miscellaneous,production_manager,525
director,miscellaneous,script_department,363
director,miscellaneous,sound_department,393
director,miscellaneous,visual_effects,428
director,miscellaneous,writer,8536
director,music_department,producer,361
director,music_department,sound_department,138
director,music_department,writer,1088
director,producer,production_designer,344
director,producer,production_manager,2399
director,producer,script_department,496
director,producer,sound_department,1735
director,producer,special_effects,125
director,producer,visual_effects,1027
director,producer,writer,99247
director,production_designer,writer,823
director,production_manager,writer,1108
director,script_department,writer,2049
director,set_decorator,writer,130
director,sound_department,visual_effects,118
director,sound_department,writer,3355
director,soundtrack,writer,179
director,special_effects,visual_effects,204
director,special_effects,writer,464
director,visual_effects,writer,3554
editor,editorial_department,miscellaneous,4441
editor,editorial_department,music_department,348
editor,editorial_department,producer,4675
editor,editorial_department,production_manager,1158
editor,editorial_department,script_department,649
editor,editorial_department,sound_department,4334
editor,editorial_department,special_effects,192
editor,editorial_department,visual_effects,3875
editor,editorial_department,writer,1566
editor,miscellaneous,producer,1457
editor,miscellaneous,production_manager,198
editor,miscellaneous,script_department,162
editor,miscellaneous,sound_department,540
editor,miscellaneous,visual_effects,378
editor,miscellaneous,writer,465
editor,music_department,sound_department,330
editor,producer,production_manager,507
editor,producer,script_department,123
editor,producer,sound_department,1086
editor,producer,visual_effects,631
editor,producer,writer,4855
editor,production_manager,sound_department,121
editor,script_department,sound_department,107
editor,script_department,writer,198
editor,sound_department,visual_effects,645
editor,sound_department,writer,491
editor,special_effects,visual_effects,345
editor,visual_effects,writer,263
editorial_department,location_management,miscellaneous,170
editorial_department,miscellaneous,producer,3128
editorial_department,miscellaneous,production_manager,2217
editorial_department,miscellaneous,script_department,349
editorial_department,miscellaneous,sound_department,966
editorial_department,miscellaneous,visual_effects,2143
editorial_department,miscellaneous,writer,454
editorial_department,music_department,sound_department,413
editorial_department,producer,production_manager,2058
editorial_department,producer,sound_department,348
editorial_department,producer,visual_effects,666
editorial_department,producer,writer,908
editorial_department,production_manager,sound_department,263
editorial_department,production_manager,visual_effects,577
editorial_department,script_department,writer,117
editorial_department,sound_department,visual_effects,363
editorial_department,special_effects,visual_effects,428
executive,manager,producer,428
executive,manager,talent_agent,104
executive,miscellaneous,producer,2823
executive,miscellaneous,production_manager,159
executive,producer,production_manager,560
executive,producer,talent_agent,121
executive,producer,visual_effects,101
executive,producer,writer,1386
legal,miscellaneous,producer,367
location_management,miscellaneous,producer,2151
location_management,miscellaneous,production_manager,3388
location_management,miscellaneous,script_department,181
location_management,miscellaneous,sound_department,183
location_management,miscellaneous,transportation_department,707
location_management,miscellaneous,writer,171
location_management,producer,production_manager,2270
location_management,producer,writer,382
location_management,production_manager,transportation_department,381
make_up_department,miscellaneous,producer,313
make_up_department,miscellaneous,production_manager,126
make_up_department,miscellaneous,special_effects,641
make_up_department,producer,production_manager,108
make_up_department,producer,special_effects,229
make_up_department,producer,writer,215
make_up_department,special_effects,visual_effects,275
manager,miscellaneous,producer,578
manager,miscellaneous,production_manager,101
manager,producer,production_manager,106
manager,producer,talent_agent,301
manager,producer,writer,303
miscellaneous,music_department,producer,743
miscellaneous,music_department,production_manager,116
miscellaneous,music_department,sound_department,975
miscellaneous,music_department,soundtrack,308
miscellaneous,music_department,writer,272
miscellaneous,producer,production_designer,317
miscellaneous,producer,production_manager,20982
miscellaneous,producer,publicist,159
miscellaneous,producer,script_department,1990
miscellaneous,producer,set_decorator,114
miscellaneous,producer,sound_department,1288
miscellaneous,producer,soundtrack,112
miscellaneous,producer,special_effects,139
miscellaneous,producer,stunts,151
miscellaneous,producer,talent_agent,174
miscellaneous,producer,transportation_department,390
miscellaneous,producer,visual_effects,1291
miscellaneous,producer,writer,15860
miscellaneous,production_designer,production_manager,117
miscellaneous,production_designer,set_decorator,125
miscellaneous,production_manager,script_department,714
miscellaneous,production_manager,sound_department,459
miscellaneous,production_manager,transportation_department,838
miscellaneous,production_manager,visual_effects,713
miscellaneous,production_manager,writer,587
miscellaneous,script_department,sound_department,177
miscellaneous,script_department,writer,2654
miscellaneous,sound_department,transportation_department,136
miscellaneous,sound_department,visual_effects,242
miscellaneous,sound_department,writer,359
miscellaneous,soundtrack,writer,184
miscellaneous,special_effects,stunts,201
miscellaneous,special_effects,visual_effects,744
miscellaneous,stunts,transportation_department,205
miscellaneous,visual_effects,writer,218
music_artist,music_department,soundtrack,116
music_department,producer,production_manager,142
music_department,producer,sound_department,613
music_department,producer,soundtrack,251
music_department,producer,writer,850
music_department,sound_department,soundtrack,713
music_department,sound_department,writer,125
music_department,soundtrack,writer,653
producer,production_designer,production_manager,379
producer,production_designer,writer,411
producer,production_manager,script_department,413
producer,production_manager,sound_department,496
producer,production_manager,transportation_department,241
producer,production_manager,visual_effects,639
producer,production_manager,writer,2853
producer,script_department,writer,2655
producer,sound_department,visual_effects,143
producer,sound_department,writer,1160
producer,soundtrack,writer,251
producer,special_effects,visual_effects,257
producer,visual_effects,writer,520
production_manager,script_department,writer,100
sound_department,special_effects,visual_effects,112
